sequence,(a)_mfe,(a)_target,(a)_pfunc,(a)_free_energy,(a)_ensemble_size,(a)_mfe_energy,(a)_mfe_stack_energy,(a)_t1,(a)_t1_rank,(a+c+b)_mfe,(a+c+b)_target,(a+c+b)_pfunc,(a+c+b)_free_energy,(a+c+b)_ensemble_size,(a+c+b)_mfe_energy,(a+c+b)_mfe_stack_energy,(a+c+b)_t1,(a+c+b)_t1_rank,(a+b+c)_mfe,(a+b+c)_target,(a+b+c)_pfunc,(a+b+c)_free_energy,(a+b+c)_ensemble_size,(a+b+c)_mfe_energy,(a+b+c)_mfe_stack_energy,(a+b+c)_t1,(a+b+c)_t1_rank,(a+b)_mfe,(a+b)_target,(a+b)_pfunc,(a+b)_free_energy,(a+b)_ensemble_size,(a+b)_mfe_energy,(a+b)_mfe_stack_energy,(a+b)_t1,(a+b)_t1_rank,(a+c)_mfe,(a+c)_target,(a+c)_pfunc,(a+c)_free_energy,(a+c)_ensemble_size,(a+c)_mfe_energy,(a+c)_mfe_stack_energy,(a+c)_t1,(a+c)_t1_rank,(a+a)_mfe,(a+a)_target,(a+a)_pfunc,(a+a)_free_energy,(a+a)_ensemble_size,(a+a)_mfe_energy,(a+a)_mfe_stack_energy,(a+a)_t1,(a+a)_t1_rank,defect,structure_prob,prob_matrix,gc_content,illegal_count
GGGGCCAUUUUUUAUUUUUUUACAUUAUAUUCUAUUUCAACAUCAGUCUGAUAAGCUAAAAACUGAGAUAGAAUGUAAUUUUAUUUUUUGUCACAGGCCGGGACAAGUGCAAUAAGAUAUGUAAUAAAAAAUGAGUAGAGGAGAUGCGAGAUGGCUUC,-36.10639953613281,(((((((((((.(((((((((((((((((((((((((((.....((.((....))))......)))))))))))))))).(((((((((((.(((........................))).))))))))))))))))).))))).))))))))))),6110614266210913442312795050,-39.4320952454336,18117610813259363492826963440000000000000000000000,-36.10639953613281,-36.10639953613281,2.095e-15,4,-93.71269226074219,....................................((((((((((((((((((((((........(((((((.(((....))).)))))))((((((((((((((((((((((............................((.((......)).))+))))))))))))))))))))))+)))))))))))))))))))))),1.731540796236295276297681924E+68,-96.83927733477438,55140288028082058039184867650000000000000000000000000000000000000,-93.71269226074219,-93.71269226074219,1.000e-06,0,-93.71269226074219,....................................((((((((((((((((((((((........(((((((.(((....))).)))))))((((((((((((((((((((((............................((.((......)).))+))))))))))))))))))))))+)))))))))))))))))))))),1.731540796236295276297681924E+68,-96.83927733477438,55140288028082058039184867650000000000000000000000000000000000000,-93.71269226074219,-93.71269226074219,8.116e-20,8,-51.0793342590332,....................................((((((((((((((((((((((....(((.(((((((.(((....))).))))))).)))((((...(...((((.................................)))).).))))...+)))))))))))))))))))))),6.630953631755704011188290102E+38,-55.09290312893253,882124922904074634910052495000000000000000000000000000000,-51.0793342590332,-51.0793342590332,3.657e-19,6,-65.28134155273438,.......................((((((((((((((((.....((.((....))))......)))))))))))))))).............((((((((((((((((((((((............................((.((......)).))+)))))))))))))))))))))),1.591006536003291466097662520E+48,-68.40448838980846,716274420774768861665342790400000000000000000000000000000,-65.28134155273438,-65.28134155273438,5.712e-12,2,-81.99417114257812,(((((((((((.(((((((((((((((((((((((((((.....((.((....))))......)))))))))))))))).((((((((((((((..(((.((.(..(((..............(((((((((((((((((.(((((.(((((((((((+))))))))))).)))))))))))((((((((((((((((.....((.((....))))......)))))))))))))))).))))))))))))))..))).)).)..)))..............))))))))))))))))).))))).))))))))))),6.006164871326404422122772515E+62,-89.091055387325,1400082094775068903929212398000000000000000000000000000000000000000000000000000000000000000000000000000,-81.99417114257812,-81.99417114257812,1.280e-24,12,0.09124599310267989,0.015332153739896773,"[[3.14770832e-01 0.00000000e+00 0.00000000e+00 ... 6.06666518e-06
  4.01454827e-04 6.84821478e-01]
 [0.00000000e+00 1.08617610e-01 0.00000000e+00 ... 6.52070403e-04
  8.88127529e-01 2.60104497e-03]
 [0.00000000e+00 0.00000000e+00 1.48067548e-02 ... 9.83330856e-01
  1.48846120e-03 1.92701913e-05]
 ...
 [6.06666518e-06 6.52070403e-04 9.83330856e-01 ... 1.59833054e-02
  0.00000000e+00 0.00000000e+00]
 [4.01454827e-04 8.88127529e-01 1.48846120e-03 ... 0.00000000e+00
  1.09978549e-01 0.00000000e+00]
 [6.84821478e-01 2.60104497e-03 1.92701913e-05 ... 0.00000000e+00
  0.00000000e+00 3.12554836e-01]]",32.278481012658226,0
GGGGCCAUUUUUUAUUUUUUUUUUAUUCUAUCAGUUUCAACAUCAGUCUGAUAAGCUAAAACAUGAUAUUGGUAGAAUAUUUUCCACUGGUAACAGGCCGGGACAAGUGCAAUAAAUAAUGUAGCCAGUGGAAAAUAGAGGAGAUGGAAAAUGGCUUC,-49.28529739379883,((((((((((((((((((((((.((((((((((((.(((.....((.((....))))......))).))))))))))))((((((((((((.(((........................))).)))))))))))).)))))))))))))))))))))),3.923746057261015788993891901E+36,-51.93125644499623,5272249390332415439181367084000000000000000000000,-49.28529739379883,-49.28529739379883,7.436e-12,2,-95.96269226074219,....................................((((((((((((((((((((((........(((((((.(((....))).)))))))((((((((((((((((((((((........(((((........................)))))..+))))))))))))))))))))))+)))))))))))))))))))))),6.380216233007502355237649166E+69,-99.06220796873154,15044761731977013743458005220000000000000000000000000000000000000,-95.96269226074219,-95.96269226074219,1.000e-06,0,-95.96269226074219,....................................((((((((((((((((((((((........(((((((.(((....))).)))))))((((((((((((((((((((((........(((((........................)))))..+))))))))))))))))))))))+)))))))))))))))))))))),6.380216233007502355237649166E+69,-99.06220796873154,15044761731977013743458005220000000000000000000000000000000000000,-95.96269226074219,-95.96269226074219,7.498e-21,12,-63.33134078979492,....................................((((((((((((((((((((((...................((((((((((((((.(((........................))).))))))))))))))((((..((.....))..))))+)))))))))))))))))))))),1.175162861267948245956462311E+46,-65.3795057169836,245582060782065822435153644100000000000000000000000000000,-63.33134078979492,-63.33134078979492,4.961e-17,7,-66.18135070800781,.......................((((((((((((.(((.....((.((....))))......))).)))))))))))).............((((((((((((((((((((((........(((((........................)))))..+)))))))))))))))))))))),6.659204806265861140008779720E+48,-69.2868336871197,200670059861637883242489848500000000000000000000000000000,-66.18135070800781,-66.18135070800781,4.686e-13,4,-106.95195007324219,((((((((((((((((((((((.((((((((((((.(((.....((.((....))))......))).))))))))))))((((((((((((.(((((((....................(((.((((((((((((.((((((((((((((((((((((+)))))))))))))))))))))).((((((((((((.(((.....((.((....))))......))).)))))))))))))))))))))))).)))))))....................))).)))))))))))).)))))))))))))))))))))),5.023812777865925670869732705E+78,-111.68707866986287,116866008080557604684621992200000000000000000000000000000000000000000000000000000000000000000000000000,-106.95195007324219,-106.95195007324219,3.273e-19,10,0.04708748049799001,0.05414486875008259,"[[3.14766909e-01 0.00000000e+00 0.00000000e+00 ... 6.06668772e-06
  4.01455824e-04 6.84825410e-01]
 [0.00000000e+00 1.08612505e-01 0.00000000e+00 ... 6.52070910e-04
  8.88132628e-01 2.60105987e-03]
 [0.00000000e+00 0.00000000e+00 1.48012125e-02 ... 9.83336502e-01
  1.48846970e-03 1.92702952e-05]
 ...
 [6.06668772e-06 6.52070910e-04 9.83336502e-01 ... 1.59783726e-02
  0.00000000e+00 0.00000000e+00]
 [4.01455824e-04 8.88132628e-01 1.48846970e-03 ... 0.00000000e+00
  1.09976967e-01 0.00000000e+00]
 [6.84825410e-01 2.60105987e-03 1.92702952e-05 ... 0.00000000e+00
  0.00000000e+00 3.12554220e-01]]",35.44303797468354,0
GGGGCCAUUUUAUAUUUUUUUUCACAACACAAAUCAUCAACAUCAGUCUGAUAAGCUAAAAAAUGAAGGUUUGUGUUGUUUAAUUCGGAUUUACAGGCCGGGACAAGUGCAAUAAAAAAUGUAAAUCCGAAUUAAUAGAGGAGAUGAAAAAUGGCUUC,-47.08529281616211,(((((((((((.((((((((((.((((((((((((.(((.....((.((....))))......))).))))))))))))((((((((((((((((........................)))))))))))))))).)))))))))).))))))))))),8.725384007099046057753729305E+34,-49.58555157263729,696481829942754344863053098300000000000000000000,-47.08529281616211,-47.08529281616211,1.767e-11,3,-90.5126953125,....................................((((((((((((((((((((((........(((((((.(((....))).)))))))((((((((((((((((((((((...........(((...........)))................+))))))))))))))))))))))+)))))))))))))))))))))),2.106784732037819536391636926E+66,-94.12190740551557,2511055423019499002477971589000000000000000000000000000000000000,-90.5126953125,-90.5126953125,9.999e-07,0,-90.5126953125,....................................((((((((((((((((((((((........(((((((.(((....))).)))))))((((((((((((((((((((((...........(((...........)))................+))))))))))))))))))))))+)))))))))))))))))))))),2.106784732037819536391636926E+66,-94.12190740551557,2511055423019499002477971589000000000000000000000000000000000000,-90.5126953125,-90.5126953125,1.494e-17,10,-60.63134002685547,....................................((((((((((((((((((((((......((((.(((((.((.(((((((((((((((((........................)))))))))))))))...)).)).)))).....).))))+)))))))))))))))))))))),5.672814636955573573897787103E+44,-63.51150430115511,36485949199616055413361318640000000000000000000000000000,-60.63134002685547,-60.63134002685547,3.057e-15,7,-65.53134155273438,.......................((((((((((((.(((.....((.((....))))......))).)))))))))))).............((((((((((((((((((((((...........(((...........)))................+)))))))))))))))))))))),4.312917574635481607740516882E+48,-69.0191128959077,31296662962580738891699021810000000000000000000000000000,-65.53134155273438,-65.53134155273438,7.692e-11,2,-102.55195617675781,(((((((((((.((((((((((.((((((((((((.(((.....((.((....))))......))).))))))))))))((((((((((((((((((((....................((((((((((((((((.((((((((((.(((((((((((+))))))))))).)))))))))).((((((((((((.(((.....((.((....))))......))).))))))))))))))))))))))))))))))))....................)))))))))))))))).)))))))))).))))))))))),2.678478710616634603845653629E+75,-107.04205668304327,1997970084362182018041770998500000000000000000000000000000000000000000000000000000000000000000000000,-102.55195617675781,-102.55195617675781,1.992e-18,11,0.040551820658740086,0.07993982012099958,"[[3.14766930e-01 0.00000000e+00 0.00000000e+00 ... 6.06671910e-06
  4.01463720e-04 6.84825381e-01]
 [0.00000000e+00 1.08612522e-01 0.00000000e+00 ... 6.52090470e-04
  8.88132589e-01 2.60105977e-03]
 [0.00000000e+00 0.00000000e+00 1.48012323e-02 ... 9.83336459e-01
  1.48846965e-03 1.92702951e-05]
 ...
 [6.06671910e-06 6.52090470e-04 9.83336459e-01 ... 1.59783757e-02
  0.00000000e+00 0.00000000e+00]
 [4.01463720e-04 8.88132589e-01 1.48846965e-03 ... 0.00000000e+00
  1.09976978e-01 0.00000000e+00]
 [6.84825381e-01 2.60105977e-03 1.92702951e-05 ... 0.00000000e+00
  0.00000000e+00 3.12554231e-01]]",33.54430379746836,0
GGGGUCAUAUUACAUUUUUUUAACAAACAGCAGGGGUCAACAUCAGUCUGAUAAGCUAACAUAUGAGUUCUGUUGUUUGCAGAUUACGGGGCACAGGCCGGGACAAGUGCAAUAAAAAAUGUACCUCGUAAUUUGUAGAGGAGAUGGCGUAUGGCUUC,-48.34309005737305,((((((((((..(((((((((..((((((((((((.(((.....((.((....))))......))).))))))))))))((((((((((((.(((........................))).))))))))))))..)))))))))..)))))))))),1.457252671475590043582496214E+35,-49.90166345046617,9869658106864042090449239982000000000000000000000,-48.34309005737305,-48.34309005737305,6.552e-15,5,-100.46269226074219,....................................((((((((((((((((((((((........(((((((.(((....))).)))))))((((((((((((((((((((((.........((((..........))))....(((.....)))..+))))))))))))))))))))))+)))))))))))))))))))))),2.820605500606335838915213284E+73,-104.23566000329775,36261264339545078586483470320000000000000000000000000000000000000,-100.46269226074219,-100.46269226074219,1.000e-06,0,-100.46269226074219,....................................((((((((((((((((((((((........(((((((.(((....))).)))))))((((((((((((((((((((((.........((((..........))))....(((.....)))..+))))))))))))))))))))))+)))))))))))))))))))))),2.820605500606335838915213284E+73,-104.23566000329775,36261264339545078586483470320000000000000000000000000000000000000,-100.46269226074219,-100.46269226074219,2.921e-20,9,-68.18135070800781,....................................((((((((((((((((((((((.(((((..(((.(.((.((((((((((((((((.(((........................))).)))))))))))))))).)).).)))))))).....+)))))))))))))))))))))),1.991991688121185549677717632E+50,-71.38127971776001,501216729285475237319925906700000000000000000000000000000,-68.18135070800781,-68.18135070800781,2.714e-14,4,-72.68135070800781,.......................((((((((((((.(((.....((.((....))))......))).)))))))))))).............((((((((((((((((((((((.........((((..........))))....(((.....)))..+)))))))))))))))))))))),9.183858942754383491437400240E+53,-76.58060354972243,472265414396126104198882901300000000000000000000000000000,-72.68135070800781,-72.68135070800781,1.075e-11,2,-106.16754150390625,((((((((((..(((((((((..((((((((((((.(((.....((.((....))))......))).))))))))))))(((((((((((((((..(((.((.(..((((..............(((((((((((..(((((((((..((((((((((+))))))))))..)))))))))..((((((((((((.(((.....((.((....))))......))).)))))))))))))))))))))))))))..))).)).)..))))..............)))))))))))..)))))))))..)))))))))),1.825642158573128465815981445E+77,-109.64407239237029,362380192178427127421014260300000000000000000000000000000000000000000000000000000000000000000000000000,-106.16754150390625,-106.16754150390625,6.694e-24,14,0.03956339424585287,0.17823609341826754,"[[3.14795162e-01 0.00000000e+00 0.00000000e+00 ... 8.36916010e-06
  4.17385857e-04 6.84778672e-01]
 [0.00000000e+00 1.08651659e-01 0.00000000e+00 ... 6.91491789e-04
  8.88071719e-01 2.58000589e-03]
 [0.00000000e+00 0.00000000e+00 1.48486207e-02 ... 9.83269637e-01
  1.46433699e-03 2.00041614e-05]
 ...
 [8.36916010e-06 6.91491789e-04 9.83269637e-01 ... 1.60288418e-02
  0.00000000e+00 0.00000000e+00]
 [4.17385857e-04 8.88071719e-01 1.46433699e-03 ... 0.00000000e+00
  1.10045043e-01 0.00000000e+00]
 [6.84778672e-01 2.58000589e-03 2.00041614e-05 ... 0.00000000e+00
  0.00000000e+00 3.12620932e-01]]",42.405063291139236,0
GAAGCCAUCUACCAUUUUUUCCUACUUAUAUCCAACUCAACAUCAGUCUGAUAAGCUACACAAUGACUUGGAUAUGAGUUUUCACAUUUAAGACAGGCCGGGACAAGUGCAAUAAAGGGUGUGUUAAAUGUGAAGUAGAGGAGAUGCGGGAUGGCUUC,-50.543094635009766,((((((((((.((((((((((..((((((((((((.(((.....((.((....))))......))).))))))))))))((((((((((((.(((..((.................)).))).))))))))))))..))))))))).))))))))))),9.390109725107983126823168796E+37,-53.888195242069415,292565878506251484864541410500000000000000000000,-50.543094635009766,-50.543094635009766,4.511e-11,2,-94.41268920898438,....................................((((((((((((((((((((((........(((((((.(((....))).)))))))((((((((((((((((((((((............................((.((......)).))+))))))))))))))))))))))+)))))))))))))))))))))),7.164030230874197810336415060E+68,-97.71449046743868,1150168203774722130971848965000000000000000000000000000000000000,-94.41268920898438,-94.41268920898438,1.000e-06,0,-94.41268920898438,....................................((((((((((((((((((((((........(((((((.(((....))).)))))))((((((((((((((((((((((............................((.((......)).))+))))))))))))))))))))))+)))))))))))))))))))))),7.164030230874197810336415060E+68,-97.71449046743868,1150168203774722130971848965000000000000000000000000000000000000,-94.41268920898438,-94.41268920898438,9.562e-20,12,-59.631343841552734,....................................((((((((((((((((((((((......((((((....))))))(((((((((((.(((..((.................)).))).)))))))))))........((.((......)).))+)))))))))))))))))))))),2.072966959331086474419696389E+45,-64.31018242797447,17198692181810435200050188820000000000000000000000000000,-59.631343841552734,-59.631343841552734,1.285e-17,8,-65.68135070800781,.......................((((((((((((.(((.....((.((....))))......))).)))))))))))).............((((((((((((((((((((((............................((.((......)).))+)))))))))))))))))))))),6.843387191428315610911102112E+48,-69.30364860260157,13175239250856819284843763720000000000000000000000000000,-65.68135070800781,-65.68135070800781,7.403e-13,4,-107.58174133300781,((((((((((.((((((((((..((((((((((((.(((.....((.((....))))......))).))))))))))))((((((((((((.(((..((.................)).))).))))))))))))..(((((((((.(((((((((((+)))))))))).))))))))))..((((((((((((.(((.....((.((....))))......))).))))))))))))((((((((((((.(((..((.................)).))).))))))))))))..))))))))).))))))))))),4.399063160053898888597979710E+80,-114.44349483328956,357247228088971186188294253550000000000000000000000000000000000000000000000000000000000000000000000,-107.58174133300781,-107.58174133300781,1.841e-18,10,0.10795671974666907,0.019801498177199037,"[[8.14498305e-02 0.00000000e+00 0.00000000e+00 ... 7.76541947e-07
  1.58545813e-04 9.18390821e-01]
 [0.00000000e+00 1.72852415e-02 0.00000000e+00 ... 1.11260520e-04
  9.82603498e-01 0.00000000e+00]
 [0.00000000e+00 0.00000000e+00 3.30226857e-03 ... 9.96665802e-01
  3.19289582e-05 0.00000000e+00]
 ...
 [7.76541947e-07 1.11260520e-04 9.96665802e-01 ... 3.22126878e-03
  0.00000000e+00 0.00000000e+00]
 [1.58545813e-04 9.82603498e-01 3.19289582e-05 ... 0.00000000e+00
  1.72060172e-02 0.00000000e+00]
 [9.18390821e-01 0.00000000e+00 0.00000000e+00 ... 0.00000000e+00
  0.00000000e+00 8.16091709e-02]]",41.139240506329116,0
GAAGCCAUCUCCCAUCUCCUCUAAAGUCAAUAAUAAUCAACAUCAGUCUGAUAAGCUAUUAAAUGAAUGUUGUUGGCUUACGCUUGCAAUAUACAGGCCGGGACAAGUGCAAUAACCGGUGUAUAUUGUGAGCGUUAGAGGAGAUGGUAGAUGGCUUC,-73.42749786376953,((((((((((.((((((((((((((((((((((((.(((.....((.((....))))......))).))))))))))))(((((((((((((((..(((((..............)))))))))))))))))))))))))))))))).)))))))))),1.430584583590398619127278639E+53,-75.43463869008973,834703093843505224700119212300000000000000000000,-73.42749786376953,-73.42749786376953,8.658e-07,0,-96.96269226074219,....................................((((((((((((((((((((((........(((((((.(((....))).)))))))((((((((((((((((((((((...............((((....................)))).+))))))))))))))))))))))+)))))))))))))))))))))),1.276819108887060481328532903E+71,-100.90891462943213,3215254723495657661094176856000000000000000000000000000000000000,-96.96269226074219,-96.96269226074219,1.319e-07,5,-96.96269226074219,....................................((((((((((((((((((((((........(((((((.(((....))).)))))))((((((((((((((((((((((...............((((....................)))).+))))))))))))))))))))))+)))))))))))))))))))))),1.276819108887060481328532903E+71,-100.90891462943213,3215254723495657661094176856000000000000000000000000000000000000,-96.96269226074219,-96.96269226074219,7.662e-19,19,-73.45884704589844,((((((((((.((((((((((((((((((((((((.(((.....((.((....))))......))).))))))))))))(((((((((((((((..(((((..............)))))))))))))))))))))))))))))))).))))))))).+...).(((((...)))))....,5.083119527600168133873314593E+54,-77.63516708053847,49106529791613058923971401870000000000000000000000000000,-73.45884704589844,-73.45884704589844,1.975e-15,16,-73.05885314941406,((((((((((.((((((((((((((((((((((((.(((.....((.((....))))......))).))))))))))))(((((((((((((((..(((((..............)))))))))))))))))))))))))))))))).))))))))).+..............).......,8.848351397077728897861950092E+53,-76.55766635754027,36142958296340086327633323820000000000000000000000000000,-73.05885314941406,-73.05885314941406,1.424e-14,13,-153.85057067871094,((((((((((.((((((((((((((((((((((((.(((.....((.((....))))......))).))))))))))))(((((((((((((((..(((((..............))))))))))))))))))))((((((((((((.((((((((((+)))))))))).))))))))))))((((((((((((.(((.....((.((....))))......))).))))))))))))(((((((((((((((..(((((..............)))))))))))))))))))))))))))))))).)))))))))),1.735878879067688121179004176E+111,-157.86345378857706,2781498395439668591512563498000000000000000000000000000000000000000000000000000000000000000000000000,-153.85057067871094,-153.85057067871094,1.153e-09,6,0.04107534807794676,0.0834458182842869,"[[8.14498299e-02 0.00000000e+00 0.00000000e+00 ... 7.76541946e-07
  1.58545813e-04 9.18390822e-01]
 [0.00000000e+00 1.72852408e-02 0.00000000e+00 ... 1.11260520e-04
  9.82603499e-01 0.00000000e+00]
 [0.00000000e+00 0.00000000e+00 3.30226791e-03 ... 9.96665803e-01
  3.19289581e-05 0.00000000e+00]
 ...
 [7.76541946e-07 1.11260520e-04 9.96665803e-01 ... 3.22126813e-03
  0.00000000e+00 0.00000000e+00]
 [1.58545813e-04 9.82603499e-01 3.19289581e-05 ... 0.00000000e+00
  1.72060166e-02 0.00000000e+00]
 [9.18390822e-01 0.00000000e+00 0.00000000e+00 ... 0.00000000e+00
  0.00000000e+00 8.16091703e-02]]",41.77215189873418,0
GAGGUCAUUAUACAUUUUUUCCCAUAAACAAAAAUAUCAACAUCAGUCUGAUAAGCUAUAAAAUGAAAUUUUUGUUUAUUUGAAGGGGGGUUACAGGCCGGGACAAGUGCAAUAGAUAAUGUAACCCCCCUUCAAUAGAGGAGAUGAAUAAUGGCUUC,-52.393089294433594,(((((((((((.(((((((((..((((((((((((.(((.....((.((....))))......))).))))))))))))((((((((((((((((........................))))))))))))))))..))))))))).))))))))))),4.170031845696471310495735128E+38,-54.80703817169134,821662940204377030437295531700000000000000000000,-52.393089294433594,-52.393089294433594,1.091e-10,4,-91.21269226074219,....................................((((((((((((((((((((((........(((((((.(((....))).)))))))((((((((((((((((((((((..............((((.....)))).................+))))))))))))))))))))))+)))))))))))))))))))))),3.466997178048999649390369238E+67,-95.84804377121299,3241847922761461673195220464000000000000000000000000000000000000,-91.21269226074219,-91.21269226074219,9.993e-07,0,-91.21269226074219,....................................((((((((((((((((((((((........(((((((.(((....))).)))))))((((((((((((((((((((((..............((((.....)))).................+))))))))))))))))))))))+)))))))))))))))))))))),3.466997178048999649390369238E+67,-95.84804377121299,3241847922761461673195220464000000000000000000000000000000000000,-91.21269226074219,-91.21269226074219,7.187e-14,8,-71.38134765625,....................................((((((((((((((((((((((...........((((.(((((.(((((((((((((((........................)))))))))))))))))))).))))..............+)))))))))))))))))))))),5.868061234094447378313596681E+52,-74.88540815483817,47955038866907392078972156590000000000000000000000000000,-71.38134765625,-71.38134765625,5.302e-10,2,-65.18135070800781,.................((((((((((((((((((.(((.....((.((....))))......))).)))))))))))).....))))))..((((((((((((((((((((((..............((((.....)))).................+)))))))))))))))))))))),1.633504339030250535290639036E+49,-69.83986609840005,38150571842345553509102234350000000000000000000000000000,-65.18135070800781,-65.18135070800781,1.364e-11,5,-113.16757202148438,(((((((((((.(((((((((..((((((((((((.(((.....((.((....))))......))).))))))))))))((((((((((((((((((((....................((((((((((((((((..(((((((((.(((((((((((+))))))))))).)))))))))..((((((((((((.(((.....((.((....))))......))).))))))))))))))))))))))))))))))))....................))))))))))))))))..))))))))).))))))))))),5.130519595568173489286127585E+82,-117.37655648304722,2542518915349955023492785283000000000000000000000000000000000000000000000000000000000000000000000000,-113.16757202148438,-113.16757202148438,6.374e-17,13,0.03287633381016677,0.1407922023025315,"[[9.08330294e-02 0.00000000e+00 0.00000000e+00 ... 1.28865282e-06
  3.05261221e-04 9.08860327e-01]
 [0.00000000e+00 2.76437467e-02 0.00000000e+00 ... 3.79897192e-04
  9.71976355e-01 0.00000000e+00]
 [0.00000000e+00 0.00000000e+00 5.23746806e-03 ... 9.94496317e-01
  4.92108225e-05 6.27653329e-06]
 ...
 [1.28865282e-06 3.79897192e-04 9.94496317e-01 ... 5.12244948e-03
  0.00000000e+00 0.00000000e+00]
 [3.05261221e-04 9.71976355e-01 4.92108225e-05 ... 0.00000000e+00
  2.76687827e-02 0.00000000e+00]
 [9.08860327e-01 0.00000000e+00 6.27653329e-06 ... 0.00000000e+00
  0.00000000e+00 9.11333576e-02]]",35.44303797468354,0
GAAGCCAUUUACCAUCUCCUCAACUAUAUCUACAACUCAACAUCAGUCUGAUAAGCUAAACAAUGAUUUGUAGGUAUAGGCAUAGUUAUAAGACAGGCCGGGACAAGUGCAAUAACCGGUGUCUUAUAAUUAUGCUAGAGGAGAUGAAAAAUGGCUUC,-67.19309997558594,((((((((((..(((((((((..((((((((((((.(((.....((.((....))))......))).))))))))))))(((((((((((((((..(((((..............))))))))))))))))))))..)))))))))..)))))))))),2.509349762153629977931698258E+48,-68.68531914413198,107751057157056995413091765200000000000000000000,-67.19309997558594,-67.19309997558594,3.563e-07,1,-92.21268463134766,....................................((((((((((((((((((((((........(((((((.(((....))).)))))))((((((((((((((((((((((...................((((..............))))...+))))))))))))))))))))))+)))))))))))))))))))))),8.870501382739635018584659203E+67,-96.4270416814082,492950467356852305107427310800000000000000000000000000000000000,-92.21268463134766,-92.21268463134766,6.433e-07,0,-92.21268463134766,....................................((((((((((((((((((((((........(((((((.(((....))).)))))))((((((((((((((((((((((...................((((..............))))...+))))))))))))))))))))))+)))))))))))))))))))))),8.870501382739635018584659203E+67,-96.4270416814082,492950467356852305107427310800000000000000000000000000000000000,-92.21268463134766,-92.21268463134766,4.034e-17,19,-69.93135070800781,....................................((((((((((((((((((((((.((((....)))).......((((((((((((((((..(((((..............))))))))))))))))))))).((((..((.....))..))))+)))))))))))))))))))))),3.521343962364551573292961113E+51,-73.15153346264029,7260690349636915536735168913000000000000000000000000000,-69.93135070800781,-69.93135070800781,1.892e-14,13,-66.82444763183594,((((((((((..(((((((((..((((((((((((.(((.....((.((....))))......))).))))))))))))(((((((((((((((..(((((..............))))))))))))))))))))..)))))))))..))))))))).+..............).......,2.249148765664655127550750616E+49,-70.03698040348658,5047978681021699853173074908000000000000000000000000000,-66.82444763183594,-66.82444763183594,4.312e-15,14,-141.26756286621094,((((((((((..(((((((((..((((((((((((.(((.....((.((....))))......))).))))))))))))(((((((((((((((..(((((.....((((.....((((((((((((((((((((..(((((((((..((((((((((+))))))))))..)))))))))..((((((((((((.(((.....((.((....))))......))).)))))))))))))))))))))))))))..))))).....)))).....))))))))))))))))))))..)))))))))..)))))))))),4.583885330445505897136220302E+101,-144.270611372594,43740697478402802475039081580000000000000000000000000000000000000000000000000000000000000000000000,-141.26756286621094,-141.26756286621094,1.676e-10,6,0.027771705917935083,0.1869259124581331,"[[8.14498308e-02 0.00000000e+00 0.00000000e+00 ... 7.76541972e-07
  1.58545815e-04 9.18390821e-01]
 [0.00000000e+00 1.72852418e-02 0.00000000e+00 ... 1.11260524e-04
  9.82603498e-01 0.00000000e+00]
 [0.00000000e+00 0.00000000e+00 3.30226887e-03 ... 9.96665802e-01
  3.19289592e-05 0.00000000e+00]
 ...
 [7.76541972e-07 1.11260524e-04 9.96665802e-01 ... 3.22126915e-03
  0.00000000e+00 0.00000000e+00]
 [1.58545815e-04 9.82603498e-01 3.19289592e-05 ... 0.00000000e+00
  1.72060176e-02 0.00000000e+00]
 [9.18390821e-01 0.00000000e+00 0.00000000e+00 ... 0.00000000e+00
  0.00000000e+00 8.16091713e-02]]",38.607594936708864,0
GAAGUCAUUUACCAUCUCCUCUCGAAAACCACAAAAUCAACAUCAGUCUGAUAAGCUAAAAAAUGAGUUUGUGGUUUUCUUAAAUUAUAGGCACAGGCCGGGACAAGUGCAAUAAACAAUGUACCUAUAAUUUAAUAGAGGAGAUGAAAAAUGGCUUC,-51.23529815673828,((((((((((..((((((((((.((((((((((((.(((.....((.((....))))......))).))))))))))))((((((((((((.(((........................))).)))))))))))).))))))))))..)))))))))),3.394279263953478960866170117E+37,-53.26104846341459,52799622623545210069254782460000000000000000000,-51.23529815673828,-51.23529815673828,1.595e-11,2,-95.26268768310547,....................................((((((((((((((((((((((........(((((((((((....)))))))))))((((((((((((((((((((((.......................((((..((.....))..))))+))))))))))))))))))))))+)))))))))))))))))))))),5.566396764498515436697013995E+69,-98.9781085059318,261856275613626508449290142600000000000000000000000000000000000,-95.26268768310547,-95.26268768310547,1.000e-06,0,-95.26268768310547,....................................((((((((((((((((((((((........(((((((((((....)))))))))))((((((((((((((((((((((.......................((((..((.....))..))))+))))))))))))))))))))))+)))))))))))))))))))))),5.566396764498515436697013995E+69,-98.9781085059318,261856275613626508449290142600000000000000000000000000000000000,-95.26268768310547,-95.26268768310547,3.164e-20,11,-56.48134231567383,....................................((((((((((((((((((((((........((((.(.((((((((((((((((((.(((........................))).)))))))))))....))))))).).))))......+)))))))))))))))))))))),1.996290440599062047765184231E+42,-60.02956007423737,3794583026997358699966114883000000000000000000000000000,-56.48134231567383,-56.48134231567383,4.502e-21,12,-65.98133850097656,.......................((((((((((((.(((.....((.((....))))......))).)))))))))))).............((((((((((((((((((((((.......................((((..((.....))..))))+)))))))))))))))))))))),2.910529171962850964361320776E+49,-70.19585747892084,2590556215133386454189604583000000000000000000000000000,-65.98133850097656,-65.98133850097656,1.090e-12,4,-111.95196533203125,((((((((((..((((((((((.((((((((((((.(((.....((.((....))))......))).))))))))))))(((((((((((((((..(((.((.(..((((..............(((((((((((.((((((((((..((((((((((+))))))))))..)))))))))).((((((((((((.(((.....((.((....))))......))).)))))))))))))))))))))))))))..))).)).)..))))..............))))))))))).))))))))))..)))))))))),5.546044384940678108315923680E+81,-116.0054232886898,10231149232949830813582946520000000000000000000000000000000000000000000000000000000000000000000000,-111.95196533203125,-111.95196533203125,2.222e-17,7,0.0387856121526702,0.10734167376432129,"[[8.14560579e-02 0.00000000e+00 0.00000000e+00 ... 7.78715614e-07
  1.58569184e-04 9.18384529e-01]
 [0.00000000e+00 1.72919292e-02 0.00000000e+00 ... 1.11291962e-04
  9.82596773e-01 0.00000000e+00]
 [0.00000000e+00 0.00000000e+00 3.31156614e-03 ... 9.96657104e-01
  3.13226270e-05 0.00000000e+00]
 ...
 [7.78715614e-07 1.11291962e-04 9.96657104e-01 ... 3.23079321e-03
  0.00000000e+00 0.00000000e+00]
 [1.58569184e-04 9.82596773e-01 3.13226270e-05 ... 0.00000000e+00
  1.72133083e-02 0.00000000e+00]
 [9.18384529e-01 0.00000000e+00 0.00000000e+00 ... 0.00000000e+00
  0.00000000e+00 8.16154460e-02]]",35.44303797468354,0
GAAGCCAUCCAUCAUUUUUUUUACCUCACUAUUACAUCAACAUCAGUCUGAUAAGCUAAAAAAUGAGGUGAUAGUGAGGAAUCGGUAUUAUCACAGGCCGGGACAAGUGCAAUACGAACUGUAAUAAUACCGAUUUAGAGGAGAUGGCGGAUGGCUUC,-64.42748260498047,((((((((((.((((((((((((((((((((((((.(((.....((.((....))))......))).))))))))))))((((((((((((.((((..((..............))..)))).)))))))))))))))))))))))).)))))))))),2.747603684735532563598878089E+46,-65.90296075788228,266495957220528542736742642700000000000000000000,-64.42748260498047,-64.42748260498047,2.018e-09,1,-99.01270294189453,....................................((((((((((((((((((((((........(((((((.(((....))).)))))))((((((((((((((((((((((....((.(((..........))).)).....(((.....)))..+))))))))))))))))))))))+)))))))))))))))))))))),2.436194782863337421394432533E+72,-102.72622918360177,1097494644026736037695709701000000000000000000000000000000000000,-99.01270294189453,-99.01270294189453,9.980e-07,0,-99.01270294189453,....................................((((((((((((((((((((((........(((((((.(((....))).)))))))((((((((((((((((((((((....((.(((..........))).)).....(((.....)))..+))))))))))))))))))))))+)))))))))))))))))))))),2.436194782863337421394432533E+72,-102.72622918360177,1097494644026736037695709701000000000000000000000000000000000000,-99.01270294189453,-99.01270294189453,5.345e-20,16,-64.88134765625,....................................((((((((((((((((((((((....................(((((((((((((.((((..((..............))..)))).))))))))))))).........(((.....)))..+)))))))))))))))))))))),1.397877910587580484579633049E+48,-68.324729363606,16276419413907967961455905040000000000000000000000000000,-64.88134765625,-64.88134765625,5.696e-20,15,-70.73135375976562,.......................((((((((((((.(((.....((.((....))))......))).)))))))))))).............((((((((((((((((((((((....((.(((..........))).)).....(((.....)))..+)))))))))))))))))))))),1.048645743086982807801442907E+53,-75.24321956658369,12254392379286216219973289960000000000000000000000000000,-70.73135375976562,-70.73135375976562,7.743e-14,6,-136.050537109375,((((((((((.((((((((((((((((((((((((.(((.....((.((....))))......))).))))))))))))((((((((((((.((((..((..............))..)))).))))))))))))((((((((((((.((((((((((+)))))))))).))))))))))))((((((((((((.(((.....((.((....))))......))).))))))))))))((((((((((((.((((..((..............))..)))).)))))))))))))))))))))))).)))))))))),3.315932261284620940704279014E+97,-138.3945175589,280167818137550700960894688750000000000000000000000000000000000000000000000000000000000000000000000,-136.050537109375,-136.050537109375,3.245e-15,7,0.026926358168657242,0.16710261261659057,"[[8.14498299e-02 0.00000000e+00 0.00000000e+00 ... 7.76541946e-07
  1.58545813e-04 9.18390822e-01]
 [0.00000000e+00 1.72852408e-02 0.00000000e+00 ... 1.11260520e-04
  9.82603499e-01 0.00000000e+00]
 [0.00000000e+00 0.00000000e+00 3.30226791e-03 ... 9.96665803e-01
  3.19289581e-05 0.00000000e+00]
 ...
 [7.76541946e-07 1.11260520e-04 9.96665803e-01 ... 3.22126813e-03
  0.00000000e+00 0.00000000e+00]
 [1.58545813e-04 9.82603499e-01 3.19289581e-05 ... 0.00000000e+00
  1.72060166e-02 0.00000000e+00]
 [9.18390822e-01 0.00000000e+00 0.00000000e+00 ... 0.00000000e+00
  0.00000000e+00 8.16091703e-02]]",40.50632911392405,0
